"Subject ID","Sex","Weight","Research Group","Age","Modality","Description","Type"
"3101","M","79.4","SWEDD","51.2","PET","EM80","Original"
"3101","M","79.4","SWEDD","51.2","PET","EM50","Original"
"3101","M","81.2","SWEDD","52.1","PET","PPMI AV-133","Original"
"3101","M","81.2","SWEDD","52.1","PET","PPMI AV-133","Original"
"3123","M","78.0","PD","70.5","PET","EM50","Original"
"3123","M","78.0","PD","70.5","PET","EM80","Original"
"3123","M","77.0","PD","71.4","PET","PPMI AV-133","Original"
"3123","M","77.0","PD","71.4","PET","PPMI AV-133","Original"
"3124","M","98.9","PD","58.3","PET","EM80","Original"
"3124","M","98.9","PD","58.3","PET","EM50","Original"
"3125","M","90.3","PD","48.1","PET","PPMI AV-133","Original"
"3125","M","90.3","PD","48.1","PET","PPMI AV-133","Original"
"3132","M","99.0","PD","52.1","PET","PPMI AV-133","Original"
"3201","F","70.8","Control","69.3","PET","EM105","Original"
"3201","F","70.8","Control","69.3","PET","EM100","Original"
"3201","F","70.8","Control","69.3","PET","EM90","Original"
"3201","F","70.8","Control","69.3","PET","EM95","Original"
"3223","M","79.5","PD","69.5","PET","EM90","Original"
"3223","M","79.5","PD","69.5","PET","EM90","Original"
"3223","M","79.5","PD","69.5","PET","EM105","Original"
"3223","M","79.5","PD","69.5","PET","EM105","Original"
"3223","M","79.5","PD","69.5","PET","EM95","Original"
"3223","M","79.5","PD","69.5","PET","EM95","Original"
"3223","M","79.5","PD","69.5","PET","EM100","Original"
"3223","M","79.5","PD","69.5","PET","EM100","Original"
"3225","M","78.5","PD","70.8","PET","EM50","Original"
"3225","M","78.5","PD","70.8","PET","EM80","Original"
"3228","M","72.6","PD","68.3","PET","EM80","Original"
"3228","M","72.6","PD","68.3","PET","EM50","Original"
"3230","M","92.3","PD","71.9","PET","EM80","Original"
"3230","M","92.3","PD","71.9","PET","EM50","Original"
"3230","M","92.3","PD","73.0","PET","EM95","Original"
"3230","M","92.3","PD","73.0","PET","EM105","Original"
"3230","M","92.3","PD","73.0","PET","EM100","Original"
"3230","M","92.3","PD","73.0","PET","EM90","Original"
"3234","M","83.0","PD","69.7","PET","EM50","Original"
"3234","M","83.0","PD","69.7","PET","EM80","Original"
"3234","M","79.6","PD","71.0","PET","EM50","Original"
"3234","M","79.6","PD","71.0","PET","EM80","Original"
"3234","M","80.3","PD","71.8","PET","EM80","Original"
"3235","M","83.9","Control","62.1","PET","EM50","Original"
"3235","M","83.9","Control","62.1","PET","EM80","Original"
"3418","M","86.2","PD","59.0","PET","TX Scan 4i/16s ","Original"
"3418","M","86.2","PD","59.0","PET","18-F florbetaben 4i/16s  AV45","Original"
"3418","M","86.2","PD","59.0","PET","18-F florbetaben 4i/16s ","Original"
"3418","M","86.2","PD","59.0","PET","18-F florbetaben 4i/16s ","Original"
"3422","M","111.6","PD","61.8","PET","18-F florbetaben 4i/16s ","Original"
"3422","M","111.6","PD","61.8","PET","TX Scan 4i/16s ","Original"
"3431","F","59.4","PD","64.6","PET","TX Scan 4i/16s ","Original"
"3431","F","59.4","PD","64.6","PET","18-F florbetaben 4i/16s ","Original"
"3433","F","61.7","PD","84.9","PET","TX Scan 4i/16s ","Original"
"3433","F","61.7","PD","84.9","PET","18-F florbetaben 4i/16s ","Original"
"3435","M","91.6","PD","57.5","PET","TX Scan 4i/16s ","Original"
"3435","M","91.6","PD","57.5","PET","18-F florbetaben 4i/16s ","Original"
"3436","M","81.7","PD","54.2","PET","TX Scan 4i/16s ","Original"
"3436","M","81.7","PD","54.2","PET","18-F florbetaben 4i/16s ","Original"
"3443","M","84.1","PD","55.0","PET","AV 133 Initial","Original"
"3443","M","84.1","PD","55.0","PET","TX Scan 4i/16s ","Original"
"3443","M","84.1","PD","55.0","PET","AV 133 Delay","Original"
"3443","M","84.1","PD","55.0","PET","TX Scan 4i/16s ","Original"
"3443","M","89.8","PD","56.1","PET","AV 133 Initial 4i/16s ","Original"
"3443","M","89.8","PD","56.1","PET","TX Scan 4i/16s ","Original"
"3443","M","89.8","PD","56.1","PET","TX Scan 4i/16s ","Original"
"3443","M","89.8","PD","56.1","PET","AV 133 Delay - Iter(Brain Mode)","Original"
"3443","M","96.2","PD","57.0","PET","TX Scan 4i/16s ","Original"
"3443","M","96.2","PD","57.0","PET","18-F florbetaben 4i/16s ","Original"
"3444","M","83.5","PD","71.9","PET","TX Scan 4i/16s ","Original"
"3444","M","83.5","PD","71.9","PET","18-F florbetaben 4i/16s ","Original"
"3445","M","93.4","PD","51.1","PET","TX Scan 4i/16s ","Original"
"3445","M","93.4","PD","51.1","PET","18-F florbetaben 4i/16s ","Original"
"3448","M","101.8","PD","57.7","PET","AV 133 Initial","Original"
"3448","M","101.8","PD","57.7","PET","TX Scan 4i/16s ","Original"
"3448","M","101.8","PD","57.7","PET","TX Scan 4i/16s ","Original"
"3448","M","101.8","PD","57.7","PET","AV 133 Delay","Original"
"3448","M","102.1","PD","58.8","PET","AV 133 Initial","Original"
"3448","M","102.1","PD","58.8","PET","AV 133 Delay","Original"
"3448","M","102.1","PD","58.8","PET","TX Scan 4i/16s ","Original"
"3448","M","102.1","PD","58.8","PET","TX Scan 4i/16s ","Original"
"3448","M","100.7","PD","59.7","PET","TX Scan 4i/16s ","Original"
"3448","M","100.7","PD","59.7","PET","18-F florbetaben 4i/16s ","Original"
"3551","M","97.5","Control","68.6","PET","PPMI_Florbetaben_4X5 (AC)","Original"
"3661","F","92.0","PD","61.7","PET","154-3661-1-06","Original"
"3661","F","92.0","PD","61.7","PET","154-3661-1-02","Original"
"3661","F","92.0","PD","61.7","PET","154-3661-1-05","Original"
"3661","F","92.0","PD","61.7","PET","154-3661-1-03","Original"
"3662","M","74.9","Control","57.7","PET","EM50","Original"
"3662","M","74.9","Control","57.7","PET","EM80","Original"
"3665","M","83.0","PD","78.6","PET","154-3665-1-02","Original"
"3665","M","83.0","PD","78.6","PET","154-3665-1-03","Original"
"3665","M","83.0","PD","78.6","PET","154-3665-1-02","Original"
"3665","M","83.0","PD","78.6","PET","154-3665-1-03","Original"
"3666","M","102.1","PD","53.7","PET","154-3666-1-03","Original"
"3666","M","102.1","PD","53.7","PET","154-3666-1-02","Original"
"3666","M","102.1","PD","53.7","PET","154-3666-1-02","Original"
"3666","M","102.1","PD","53.7","PET","154-3666-1-03","Original"
"3666","M","103.9","PD","54.6","PET","154-3666-3-02","Original"
"3666","M","103.9","PD","54.6","PET","154-3666-3-03","Original"
"3666","M","103.9","PD","54.6","PET","154-3666-3-02","Original"
"3666","M","103.9","PD","54.6","PET","154-3666-3-03","Original"
"4051","F","61.8","PD","56.1","PET","TX Scan 4i/16s ","Original"
"4051","F","61.8","PD","56.1","PET","18-F florbetaben 4i/16s  AV45","Original"
"4055","M","70.0","PD","71.0","PET","TX Scan 4i/16s ","Original"
"4055","M","70.0","PD","71.0","PET","AV 133 Initial","Original"
"4055","M","70.0","PD","71.0","PET","AV 133 Delay","Original"
"4055","M","70.0","PD","71.0","PET","TX Scan 4i/16s ","Original"
"4055","M","73.0","PD","72.0","PET","AV 133 Delay","Original"
"4055","M","73.0","PD","72.0","PET","TX Scan 4i/16s ","Original"
"4055","M","70.0","PD","72.9","PET","18-F florbetaben 4i/16s ","Original"
"4055","M","70.0","PD","72.9","PET","TX Scan 4i/16s ","Original"
"4057","M","77.7","PD","64.2","PET","TX Scan 4i/16s ","Original"
"4057","M","77.7","PD","64.2","PET","18-F florbetaben 4i/16s ","Original"
"4058","M","80.0","PD","63.4","PET","TX Scan 4i/16s ","Original"
"4058","M","80.0","PD","63.4","PET","AV 133 Initial","Original"
"4058","M","80.0","PD","63.4","PET","AV 133 Delay","Original"
"4058","M","80.0","PD","63.4","PET","TX Scan 4i/16s ","Original"
"4058","M","80.0","PD","64.5","PET","AV 133 Delay","Original"
"4058","M","80.0","PD","64.5","PET","TX Scan 4i/16s ","Original"
"4081","M","81.0","PD","71.5","PET","EM 50","Original"
"4081","M","81.0","PD","71.5","PET","EM 80","Original"
"4081","M","81.0","PD","71.5","PET","EM 85","Original"
"4081","M","81.0","PD","71.5","PET","EM 55","Original"
"4081","M","78.6","PD","72.6","PET","EM 80","Original"
"4081","M","78.6","PD","72.6","PET","EM 85","Original"
"4081","M","78.6","PD","72.6","PET","EM 50","Original"
"4081","M","78.6","PD","72.6","PET","EM 55","Original"
"4081","M","81.9","PD","73.5","PET","EM 85","Original"
"4081","M","81.9","PD","73.5","PET","EM 50","Original"
"4081","M","81.9","PD","73.5","PET","EM 80","Original"
"4081","M","81.9","PD","73.5","PET","EM 55","Original"
"4082","M","78.0","PD","66.2","PET","EM 55","Original"
"4082","M","78.0","PD","66.2","PET","EM 85","Original"
"4082","M","78.0","PD","66.2","PET","EM 80","Original"
"4082","M","78.0","PD","66.2","PET","EM 50","Original"
"4082","M","81.0","PD","67.2","PET","EM 50","Original"
"4082","M","81.0","PD","67.2","PET","EM 80","Original"
"4082","M","81.0","PD","67.2","PET","EM 55","Original"
"4082","M","80.0","PD","68.2","PET","EM 80","Original"
"4082","M","80.0","PD","68.2","PET","EM 50","Original"
"4082","M","80.0","PD","68.2","PET","EM 55","Original"
"4082","M","80.0","PD","68.2","PET","EM 85","Original"
"4083","M","75.0","PD","46.1","PET","EM 55","Original"
"4083","M","75.0","PD","46.1","PET","EM 50","Original"
"4083","M","75.0","PD","46.1","PET","EM 85","Original"
"4083","M","75.0","PD","46.1","PET","EM 80","Original"
"4083","M","74.7","PD","47.0","PET","EM 50","Original"
"4083","M","74.7","PD","47.0","PET","EM 80","Original"
"4083","M","74.7","PD","47.0","PET","EM 85","Original"
"4083","M","74.7","PD","47.0","PET","EM 55","Original"
"4083","M","83.0","PD","48.1","PET","EM 80","Original"
"4083","M","83.0","PD","48.1","PET","EM 85","Original"
"4083","M","83.0","PD","48.1","PET","EM 55","Original"
"4083","M","83.0","PD","48.1","PET","EM 50","Original"
"4084","M","84.0","SWEDD","58.9","PET","EM85","Original"
"4084","M","84.0","SWEDD","58.9","PET","EM55","Original"
"4084","M","84.0","SWEDD","58.9","PET","EM50","Original"
"4084","M","84.0","SWEDD","58.9","PET","EM80","Original"
"4084","M","82.9","SWEDD","61.0","PET","EM 85","Original"
"4084","M","82.9","SWEDD","61.0","PET","EM 50","Original"
"4084","M","82.9","SWEDD","61.0","PET","EM 80","Original"
"4084","M","82.9","SWEDD","61.0","PET","EM 55","Original"
"4085","M","78.0","Control","66.6","PET","EM 50","Original"
"4085","M","78.0","Control","66.6","PET","EM 80","Original"
"4085","M","78.0","Control","66.6","PET","EM 85","Original"
"4085","M","78.0","Control","66.6","PET","EM 55","Original"
"4086","M","83.0","SWEDD","73.7","PET","EM 80","Original"
"4086","M","83.0","SWEDD","73.7","PET","EM 85","Original"
"4086","M","83.0","SWEDD","73.7","PET","EM 50","Original"
"4086","M","83.0","SWEDD","73.7","PET","EM 55","Original"
"4091","F","0.0","PD","68.5","PET","TX Scan 4i/16s ","Original"
"4091","F","0.0","PD","68.5","PET","AV 133 Initial","Original"
"4091","F","0.0","PD","68.5","PET","TX Scan 4i/16s ","Original"
"4091","F","0.0","PD","68.5","PET","AV 133 Delay","Original"
"4091","F","66.0","PD","69.6","PET","AV 133 Delay","Original"
"4091","F","66.0","PD","69.6","PET","TX Scan 4i/16s ","Original"
"4091","F","66.0","PD","69.6","PET","TX Scan 4i/16s ","Original"
"4091","F","66.0","PD","69.6","PET","AV 133 Initial","Original"
"4093","F","48.6","PD","54.4","PET","TX Scan 5.5min 4i/16s ","Original"
"4093","F","48.6","PD","54.4","PET","18-F florbetaben 4i/16s ","Original"
"4094","F","62.3","PD","80.3","PET","TX Scan 4i/16s ","Original"
"4094","F","62.3","PD","80.3","PET","18-F florbetaben 4i/16s ","Original"
"4096","F","0.0","PD","49.6","PET","TX Scan 4i/16s ","Original"
"4096","F","0.0","PD","49.6","PET","AV 133 Initial","Original"
"4096","F","0.0","PD","49.6","PET","AV 133 Delay","Original"
"4096","F","0.0","PD","49.6","PET","TX Scan 4i/16s ","Original"
"4096","F","93.9","PD","50.6","PET","TX Scan 4i/16s ","Original"
"4096","F","93.9","PD","50.6","PET","AV 133 Delay","Original"
"4096","F","93.9","PD","50.6","PET","measured atten - Iter(Brain Mod","Original"
"4096","F","93.9","PD","50.6","PET","AV 133 Initial","Original"
"4096","F","88.0","PD","51.9","PET","AV 133 Delay","Original"
"4096","F","88.0","PD","51.9","PET","TX Scan 4i/16s ","Original"
"4098","M","90.5","PD","58.9","PET","AV 133 Initial","Original"
"4098","M","90.5","PD","58.9","PET","AV 133 Delay","Original"
"4098","M","90.5","PD","58.9","PET","measured atten 4i/16s ","Original"
"4098","M","90.5","PD","58.9","PET","measured atten 4i/16s ","Original"
"4098","M","85.7","PD","60.0","PET","AV 133 Delay 4i/16s ","Original"
"4098","M","85.7","PD","60.0","PET","AV 133 Initial - Iter(Brain Mod","Original"
"4098","M","85.7","PD","60.0","PET","measured atten - Iter(Brain Mod","Original"
"4098","M","85.7","PD","60.0","PET","TX Scan 4i/16s ","Original"
"4098","M","87.9","PD","61.0","PET","AV 133 Delay 4i/16s ","Original"
"4098","M","87.9","PD","61.0","PET","TX Scan 4i/16s ","Original"
"4098","M","86.8","PD","61.9","PET","TX Scan 4i/16s ","Original"
"4098","M","86.8","PD","61.9","PET","18-F florbetaben 4i/16s ","Original"
"4100","M","118.4","Control","60.3","PET","TX Scan 4i/16s ","Original"
"4100","M","118.4","Control","60.3","PET","18-F florbetaben 4i/16s ","Original"
"4102","M","87.7","PD","68.8","PET","AV 133 Delay","Original"
"4102","M","87.7","PD","68.8","PET","AV 133 Initial","Original"
"4102","M","87.7","PD","68.8","PET","TX Scan 4i/16s ","Original"
"4102","M","87.7","PD","68.8","PET","TX Scan 4i/16s ","Original"
"4102","M","93.0","PD","69.9","PET","TX Scan 4i/16s ","Original"
"4102","M","93.0","PD","69.9","PET","TX Scan 4i/16s ","Original"
"4102","M","93.0","PD","69.9","PET","AV 133 Delay","Original"
"4102","M","93.0","PD","69.9","PET","AV 133 Initial","Original"
"4102","M","96.6","PD","70.9","PET","AV 133 Delay","Original"
"4104","M","0.0","Control","66.4","PET","TX Scan 4i/16s ","Original"
"4104","M","0.0","Control","66.4","PET","AV 133 Delay 4i/16s ","Original"
"4104","M","0.0","Control","66.4","PET","TX Scan 4i/16s ","Original"
"4104","M","0.0","Control","66.4","PET","AV 133 Initial","Original"
"4105","M","102.5","Control","69.0","PET","TX Scan 4i/16s ","Original"
"4105","M","102.5","Control","69.0","PET","18-F florbetaben 4i/16s ","Original"
"4106","M","68.0","PD","72.1","PET","AV 133 Initial","Original"
"4106","M","68.0","PD","72.1","PET","AV 133 Delay","Original"
"4106","M","68.0","PD","72.1","PET","TX Scan 4i/16s ","Original"
"4106","M","68.0","PD","72.1","PET","TX Scan 4i/16s ","Original"
"4106","M","68.0","PD","73.0","PET","AV 133 Initial - Iter(Brain Mod","Original"
"4106","M","68.0","PD","73.0","PET","TX Scan 4i/16s ","Original"
"4106","M","68.0","PD","73.0","PET","AV 133 Delay 4i/16s ","Original"
"4106","M","68.0","PD","73.0","PET","TX Scan 4i/16s ","Original"
"4106","M","71.2","PD","74.0","PET","TX Scan 4i/16s ","Original"
"4106","M","71.2","PD","74.0","PET","AV 133 Delay","Original"
"4108","M","101.6","PD","67.2","PET","TX Scan 4i/16s ","Original"
"4108","M","101.6","PD","67.2","PET","18-F florbetaben 4i/16s ","Original"
"4111","M","106.8","PD","74.0","PET","AV 133 Initial","Original"
"4111","M","106.8","PD","74.0","PET","AV 133 Delay","Original"
"4111","M","106.8","PD","74.0","PET","TX Scan 4i/16s ","Original"
"4111","M","106.8","PD","74.0","PET","TX Scan 4i/16s ","Original"
"4111","M","105.0","PD","75.0","PET","AV 133 Initial 4i/16s ","Original"
"4111","M","105.0","PD","75.0","PET","TX Scan 4i/16s ","Original"
"4111","M","105.0","PD","75.0","PET","AV 133 Delay 4i/16s ","Original"
"4111","M","105.0","PD","75.0","PET","TX Scan 4i/16s ","Original"
"4111","M","103.4","PD","76.0","PET","AV 133 Delay","Original"
"4111","M","103.4","PD","76.0","PET","TX Scan 4i/16s ","Original"
"4113","F","0.0","PD","33.7","PET","TX Scan 4i/16s ","Original"
"4113","F","0.0","PD","33.7","PET","AV 133 Initial","Original"
"4113","F","0.0","PD","33.7","PET","TX Scan 4i/16s ","Original"
"4113","F","0.0","PD","33.7","PET","AV 133 Delay","Original"
"4113","F","56.0","PD","35.1","PET","AV 133 Delay","Original"
"4113","F","56.0","PD","35.1","PET","TX Scan 4i/16s ","Original"
"4116","M","105.2","Control","66.6","PET","TX Scan 4i/16s ","Original"
"4116","M","105.2","Control","66.6","PET","18-F florbetaben 4i/16s ","Original"
"4117","F","94.0","PD","62.1","PET","TX Scan 4i/16s ","Original"
"4117","F","94.0","PD","62.1","PET","18-F florbetaben 4i/16s ","Original"
