"Subject ID","Sex","Weight","Research Group","Age","Modality","Description","Type"
"00705MAR14","M","55.3","Phantom","59.0","fMRI","ep2d_RESTING_STATE","Original"
"00706FEB13","X","68.0","Phantom","50.0","fMRI","ep2d_RESTING_STATE","Original"
"00706MAY15","X","68.0","Phantom","50.0","fMRI","ep2d_RESTING_STATE","Original"
"00707MAY14","M","55.3","Phantom","59.0","fMRI","ep2d_RESTING_STATE","Original"
"00708MAY15","X","68.0","Phantom","50.0","fMRI","ep2d_RESTING_STATE","Original"
"00710JUL13","X","68.0","Phantom","50.0","fMRI","ep2d_RESTING_STATE","Original"
"00711MAR15","X","68.0","Phantom","50.0","fMRI","ep2d_RESTING_STATE","Original"
"00712MAR14","M","55.3","Phantom","59.0","fMRI","ep2d_RESTING_STATE","Original"
"00713NOV13","M","90.7","Phantom","36.0","fMRI","ep2d_RESTING_STATE","Original"
"00714NOV12","X","68.0","Phantom","50.0","fMRI","ep2d_RESTING_STATE","Original"
"00715MAY13","X","68.0","Phantom","50.0","fMRI","ep2d_RESTING_STATE","Original"
"00716JUL14","X","68.0","Phantom","50.0","fMRI","ep2d_RESTING_STATE","Original"
"00716NOV12","X","68.0","Phantom","50.0","fMRI","ep2d_RESTING_STATE","Original"
"00717APR13","X","68.0","Phantom","50.0","fMRI","ep2d_RESTING_STATE","Original"
"00717JUL13","X","68.0","Phantom","50.0","fMRI","ep2d_RESTING_STATE","Original"
"00718APR13","X","68.0","Phantom","50.0","fMRI","ep2d_RESTING_STATE","Original"
"00718SEP13","X","68.0","Phantom","50.0","fMRI","ep2d_RESTING_STATE","Original"
"00719FEB14","M","55.3","Phantom","59.0","fMRI","ep2d_RESTING_STATE","Original"
"00719JUN13","X","68.0","Phantom","50.0","fMRI","ep2d_RESTING_STATE","Original"
"00719JUN14","M","55.3","Phantom","59.0","fMRI","ep2d_RESTING_STATE","Original"
"00719SEP13","X","68.0","Phantom","50.0","fMRI","ep2d_RESTING_STATE","Original"
"00720AUG14","X","68.0","Phantom","50.0","fMRI","ep2d_RESTING_STATE","Original"
"00720FEB13","X","68.0","Phantom","50.0","fMRI","ep2d_RESTING_STATE","Original"
"00721MAY14","M","55.3","Phantom","59.0","fMRI","ep2d_RESTING_STATE","Original"
"00722APR13","X","68.0","Phantom","50.0","fMRI","ep2d_RESTING_STATE","Original"
"00722MAY13","X","68.0","Phantom","50.0","fMRI","ep2d_RESTING_STATE","Original"
"00723JAN13","X","68.0","Phantom","50.0","fMRI","ep2d_RESTING_STATE","Original"
"00723JUL14","X","68.0","Phantom","50.0","fMRI","ep2d_RESTING_STATE","Original"
"00724APR13","X","68.0","Phantom","50.0","fMRI","ep2d_RESTING_STATE","Original"
"00726MAR14","M","55.3","Phantom","59.0","fMRI","ep2d_RESTING_STATE","Original"
"00728APR15","X","68.0","Phantom","50.0","fMRI","ep2d_RESTING_STATE","Original"
"00728MAY14","M","55.3","Phantom","59.0","fMRI","ep2d_RESTING_STATE","Original"
"00729MAY13","X","68.0","Phantom","50.0","fMRI","ep2d_RESTING_STATE","Original"
"00730MAR15","X","68.0","Phantom","50.0","fMRI","ep2d_RESTING_STATE","Original"
"00730OCT14","M","90.7","Phantom","24.0","fMRI","ep2d_RESTING_STATE","Original"
"02325SEP14","X","68.0","Phantom","44.0","fMRI","ep2d_RESTING_STATE","Original"
"02818APR13","X","45.4","Phantom","4.0","fMRI","ep2d_RESTING_STATE","Original"
"02818MAY15","X","45.4","Phantom","15.0","fMRI","ep2d_RESTING_STATE","Original"
"02820DEC13","X","72.1","Phantom","43.0","fMRI","ep2d_RESTING_STATE","Original"
"02823APR13","X","81.6","Phantom","53.0","fMRI","ep2d_RESTING_STATE","Original"
"02829NOV12","X","45.4","Phantom","35.0","fMRI","ep2d_RESTING_STATE","Original"
"028phant","X","68.0","Phantom","42.0","fMRI","ep2d_RESTING_STATE","Original"
"03201AUG13","X","68.0","Phantom","43.0","fMRI","ep2d_RESTING_STATE","Original"
"03201FEB13","X","68.0","Phantom","43.0","fMRI","ep2d_RESTING_STATE","Original"
"03201JUN15","X","45.4","Phantom","45.0","fMRI","ep2d_RESTING_STATE","Original"
"03202OCT14","X","68.0","Phantom","44.0","fMRI","ep2d_RESTING_STATE","Original"
"03203JUL13","X","68.0","Phantom","43.0","fMRI","ep2d_RESTING_STATE","Original"
"03204JUN14","X","68.0","Phantom","44.0","fMRI","ep2d_RESTING_STATE","Original"
"03204NOV15","X","45.4","Phantom","45.0","fMRI","ep2d_RESTING_STATE","Original"
"03205JUL13","X","68.0","Phantom","43.0","fMRI","ep2d_RESTING_STATE","Original"
"03205JUN14","X","68.0","Phantom","44.0","fMRI","ep2d_RESTING_STATE","Original"
"03206APR15","X","45.4","Phantom","45.0","fMRI","ep2d_RESTING_STATE","Original"
"03206AUG14","X","68.0","Phantom","44.0","fMRI","ep2d_RESTING_STATE","Original"
"03206DEC12","X","68.0","Phantom","42.0","fMRI","ep2d_RESTING_STATE","Original"
"03206MAY15","X","45.4","Phantom","45.0","fMRI","ep2d_RESTING_STATE","Original"
"03208JAN15","M","79.4","Phantom","45.0","fMRI","ep2d_RESTING_STATE","Original"
"03209OCT13","X","68.0","Phantom","43.0","fMRI","ep2d_RESTING_STATE","Original"
"03210JAN13","X","68.0","Phantom","43.0","fMRI","ep2d_RESTING_STATE","Original"
"03210MAR14","X","68.0","Phantom","114.0","fMRI","ep2d_RESTING_STATE","Original"
"03211MAY15","X","45.4","Phantom","45.0","fMRI","ep2d_RESTING_STATE","Original"
"03211SEP13","X","68.0","Phantom","43.0","fMRI","ep2d_RESTING_STATE","Original"
"03212AUG15","X","45.4","Phantom","45.0","fMRI","ep2d_RESTING_STATE","Original"
"03212MAR14","X","68.0","Phantom","44.0","fMRI","ep2d_RESTING_STATE","Original"
"03212MAY15","X","45.4","Phantom","45.0","fMRI","ep2d_RESTING_STATE","Original"
"03212NOV12","X","68.0","Phantom","37.0","fMRI","ep2d_RESTING_STATE","Original"
"03212SEP13","X","68.0","Phantom","43.0","fMRI","ep2d_RESTING_STATE","Original"
"03213AUG14","X","68.0","Phantom","44.0","fMRI","ep2d_RESTING_STATE","Original"
"03213FEB15","X","45.4","Phantom","45.0","fMRI","ep2d_RESTING_STATE","Original"
"03213MAR13","X","68.0","Phantom","43.0","fMRI","ep2d_RESTING_STATE","Original"
"03214AUG13","X","68.0","Phantom","43.0","fMRI","ep2d_RESTING_STATE","Original"
"03214MAY15","X","45.4","Phantom","45.0","fMRI","ep2d_RESTING_STATE","Original"
"03215AUG13","X","68.0","Phantom","43.0","fMRI","ep2d_RESTING_STATE","Original"
"03216APR14","X","68.0","Phantom","44.0","fMRI","ep2d_RESTING_STATE","Original"
"03218NOV13","X","68.0","Phantom","43.0","fMRI","ep2d_RESTING_STATE","Original"
"03219AUG15","X","45.4","Phantom","45.0","fMRI","ep2d_RESTING_STATE","Original"
"03219FEB14","X","68.0","Phantom","44.0","fMRI","ep2d_RESTING_STATE","Original"
"03219JUN13","X","68.0","Phantom","43.0","fMRI","ep2d_RESTING_STATE","Original"
"03219MAY14","X","68.0","Phantom","44.0","fMRI","ep2d_RESTING_STATE","Original"
"03220DEC12","X","68.0","Phantom","42.0","fMRI","ep2d_RESTING_STATE","Original"
"03220FEB14","X","68.0","Phantom","44.0","fMRI","ep2d_RESTING_STATE","Original"
"03221AUG13","X","68.0","Phantom","43.0","fMRI","ep2d_RESTING_STATE","Original"
"03221FEB13","X","68.0","Phantom","43.0","fMRI","ep2d_RESTING_STATE","Original"
"03222JAN14","X","68.0","Phantom","44.0","fMRI","ep2d_RESTING_STATE","Original"
"03223JUL15","X","45.4","Phantom","45.0","fMRI","ep2d_RESTING_STATE","Original"
"03225JUN13","X","68.0","Phantom","43.0","fMRI","ep2d_RESTING_STATE","Original"
"03227FEB13","X","68.0","Phantom","57.0","fMRI","ep2d_RESTING_STATE","Original"
"03227FEB14","X","68.0","Phantom","114.0","fMRI","ep2d_RESTING_STATE","Original"
"03228MAR13","X","68.0","Phantom","43.0","fMRI","ep2d_RESTING_STATE","Original"
"03228MAY13","X","68.0","Phantom","43.0","fMRI","ep2d_RESTING_STATE","Original"
"03229APR13","X","68.0","Phantom","43.0","fMRI","ep2d_RESTING_STATE","Original"
"03229APR15","X","45.4","Phantom","45.0","fMRI","ep2d_RESTING_STATE","Original"
"03229JUL13","X","68.0","Phantom","43.0","fMRI","ep2d_RESTING_STATE","Original"
"03230APR15","X","45.4","Phantom","45.0","fMRI","ep2d_RESTING_STATE","Original"
"03230JUL14","X","68.0","Phantom","44.0","fMRI","ep2d_RESTING_STATE","Original"
"03231JAN13","X","68.0","Phantom","43.0","fMRI","ep2d_RESTING_STATE","Original"
"03231JUL13","X","68.0","Phantom","43.0","fMRI","ep2d_RESTING_STATE","Original"
"032phant","X","68.0","Phantom","37.0","fMRI","ep2d_RESTING_STATE","Original"
"08801APR15","X","45.4","Phantom","25.0","fMRI","ep2d_RESTING_STATE","Original"
"08803APR14","F","74.8","Phantom","51.0","fMRI","ep2d_RESTING_STATE","Original"
"08803JUN14","F","45.4","Phantom","56.0","fMRI","ep2d_RESTING_STATE","Original"
"08803MAR14","X","45.4","Phantom","24.0","fMRI","ep2d_RESTING_STATE","Original"
"08806AUG14","F","45.4","Phantom","64.0","fMRI","ep2d_RESTING_STATE","Original"
"08807JAN13","X","45.4","Phantom","0.0","fMRI","ep2d_RESTING_STATE","Original"
"08807OCT14","X","54.4","Phantom","54.0","fMRI","ep2d_RESTING_STATE","Original"
"08808JUL14","X","45.4","Phantom","63.0","fMRI","ep2d_RESTING_STATE","Original"
"08808MAR13","M","54.4","Phantom","62.0","fMRI","ep2d_RESTING_STATE","Original"
"08810MAR14","M","113.4","Phantom","63.0","fMRI","ep2d_RESTING_STATE","Original"
"08811MAR13","X","54.4","Phantom","53.0","fMRI","ep2d_RESTING_STATE","Original"
"08811MAR15","X","45.4","Phantom","25.0","fMRI","ep2d_RESTING_STATE","Original"
"08812AUG14","F","45.4","Phantom","64.0","fMRI","ep2d_RESTING_STATE","Original"
"08812JAN15","M","45.4","Phantom","69.0","fMRI","ep2d_RESTING_STATE","Original"
"08812MAR14","M","45.4","Phantom","63.0","fMRI","ep2d_RESTING_STATE","Original"
"08812MAR15","X","45.4","Phantom","25.0","fMRI","ep2d_RESTING_STATE","Original"
"08814JAN13","X","45.4","Phantom","0.1","fMRI","ep2d_RESTING_STATE","Original"
"08814MAR14","X","45.4","Phantom","63.0","fMRI","ep2d_RESTING_STATE","Original"
"08814MAY14","F","45.4","Phantom","56.0","fMRI","ep2d_RESTING_STATE","Original"
"08815APR13","X","45.4","Phantom","62.0","fMRI","ep2d_RESTING_STATE","Original"
"08817DEC14","M","90.7","Phantom","54.0","fMRI","ep2d_bold_rest","Original"
"08817MAR14","X","45.4","Phantom","63.0","fMRI","ep2d_RESTING_STATE","Original"
"08817MAR15","X","45.4","Phantom","25.0","fMRI","ep2d_RESTING_STATE","Original"
"08817SEP14","X","54.4","Phantom","54.0","fMRI","ep2d_RESTING_STATE","Original"
"08818AUG14","F","45.4","Phantom","64.0","fMRI","ep2d_RESTING_STATE","Original"
"08818MAR15","X","45.4","Phantom","25.0","fMRI","ep2d_RESTING_STATE","Original"
"08818SEP15","F","85.3","Phantom","44.0","fMRI","ep2d_RESTING_STATE","Original"
"08819MAR14","M","45.4","Phantom","69.0","fMRI","ep2d_RESTING_STATE","Original"
"08819NOV14","F","45.4","Phantom","65.0","fMRI","ep2d_RESTING_STATE","Original"
"08820AUG15","M","62.6","Phantom","64.0","fMRI","ep2d_RESTING_STATE","Original"
"08822APR15","X","45.4","Phantom","25.0","fMRI","ep2d_RESTING_STATE","Original"
"08822OCT15","M","45.4","Phantom","69.0","fMRI","ep2d_RESTING_STATE","Original"
"08823APR14","F","45.4","Phantom","56.0","fMRI","ep2d_RESTING_STATE","Original"
"08824FEB15","X","45.4","Phantom","25.0","fMRI","ep2d_RESTING_STATE","Original"
"08824SEP14","X","45.4","Phantom","54.0","fMRI","ep2d_RESTING_STATE","Original"
"08825FEB14","M","86.2","Phantom","66.0","fMRI","ep2d_RESTING_STATE","Original"
"08825JAN13","X","45.4","Phantom","0.1","fMRI","ep2d_RESTING_STATE","Original"
"08827AUG14","X","54.4","Phantom","54.0","fMRI","ep2d_RESTING_STATE","Original"
"08827MAR13","F","45.4","Phantom","55.0","fMRI","ep2d_RESTING_STATE","Original"
"08829JUN15","M","94.3","Phantom","58.0","fMRI","ep2d_RESTING_STATE","Original"
"08829SEP15","F","85.3","Phantom","44.0","fMRI","ep2d_RESTING_STATE","Original"
"08830MAR15","X","45.4","Phantom","25.0","fMRI","ep2d_RESTING_STATE","Original"
"08830OCT13","X","45.4","Phantom","23.0","fMRI","ep2d_RESTING_STATE","Original"
"08831OCT12","M","4.5","Phantom","41.0","fMRI","ep2d_RESTING_STATE","Original"
"12001APR13","F","50.0","Phantom","53.0","fMRI","ep2d_RESTING_STATE","Original"
"12001DEC14","X","90.0","Phantom","54.0","fMRI","ep2d_RESTING_STATE","Original"
"12002APR13","X","90.0","Phantom","53.0","fMRI","ep2d_RESTING_STATE","Original"
"12002JUN15","M","90.5","Phantom","55.0","fMRI","ep2d_bold_rest","Original"
"12003JAN13","M","70.0","Phantom","53.0","fMRI","ep2d_RESTING_STATE","Original"
"12005FEB13","X","50.0","Phantom","53.0","fMRI","ep2d_RESTING_STATE","Original"
"12006FEB14","X","90.0","Phantom","54.0","fMRI","ep2d_RESTING_STATE","Original"
"12008APR15","F","40.0","Phantom","55.0","fMRI","ep2d_bold_rest","Original"
"12009JAN14","X","90.0","Phantom","54.0","fMRI","ep2d_RESTING_STATE","Original"
"12009SEP13","X","90.0","Phantom","53.0","fMRI","ep2d_RESTING_STATE","Original"
"12010FEB14","X","90.0","Phantom","54.0","fMRI","ep2d_RESTING_STATE","Original"
"12010MAR14","X","90.0","Phantom","54.0","fMRI","ep2d_RESTING_STATE","Original"
"12011AUG15","X","68.0","Phantom","55.0","fMRI","ep2d_bold_rest","Original"
"12011DEC12","X","95.0","Phantom","52.0","fMRI","ep2d_RESTING_STATE","Original"
"12012MAR13","X","90.0","Phantom","53.0","fMRI","ep2d_RESTING_STATE","Original"
"12013FEB14","X","90.0","Phantom","54.0","fMRI","ep2d_RESTING_STATE","Original"
"12013MAR13","F","60.0","Phantom","53.0","fMRI","ep2d_RESTING_STATE","Original"
"12013MAY14","X","40.0","Phantom","54.0","fMRI","ep2d_RESTING_STATE","Original"
"12017DEC14","X","40.0","Phantom","54.0","fMRI","ep2d_RESTING_STATE","Original"
"12018FEB13","M","80.0","Phantom","53.0","fMRI","ep2d_RESTING_STATE","Original"
"12020FEB13","X","50.0","Phantom","53.0","fMRI","ep2d_RESTING_STATE","Original"
"12020JAN15","X","90.5","Phantom","55.0","fMRI","ep2d_RESTING_STATE","Original"
"12021APR14","X","40.0","Phantom","54.0","fMRI","ep2d_RESTING_STATE","Original"
"12023APR15","F","90.7","Phantom","55.0","fMRI","ep2d_bold_rest","Original"
"12024APR14","X","40.0","Phantom","54.0","fMRI","ep2d_RESTING_STATE","Original"
"12024MAR14","X","90.0","Phantom","54.0","fMRI","ep2d_RESTING_STATE","Original"
"12026FEB14","X","90.0","Phantom","54.0","fMRI","ep2d_RESTING_STATE","Original"
"12027FEB13","F","75.0","Phantom","53.0","fMRI","ep2d_RESTING_STATE","Original"
"12028FEB13","F","75.0","Phantom","53.0","fMRI","ep2d_RESTING_STATE","Original"
"12030APR13","M","60.0","Phantom","53.0","fMRI","ep2d_RESTING_STATE","Original"
"12030OCT14","X","90.0","Phantom","54.0","fMRI","ep2d_RESTING_STATE","Original"
"120phant","X","92.0","Phantom","52.0","fMRI","ep2d_RESTING_STATE","Original"
"14426","M","65.7","Prodromal","60.6","fMRI","ep2d_RESTING_STATE","Original"
"16644","M","82.6","Prodromal","64.2","fMRI","ep2d_RESTING_STATE","Original"
"28903APR13","X","50.0","Phantom","27.0","fMRI","ep2d_RESTING_STATE","Original"
"28904DEC13","X","50.0","Phantom","23.0","fMRI","ep2d_RESTING_STATE","Original"
"28905NOV14","X","50.0","Phantom","34.0","fMRI","ep2d_RESTING_STATE","Original"
"28909JUL14","X","50.0","Phantom","28.0","fMRI","ep2d_RESTING_STATE","Original"
"28909OCT13","X","50.0","Phantom","33.0","fMRI","ep2d_RESTING_STATE","Original"
"28911DEC13","X","50.0","Phantom","23.0","fMRI","ep2d_RESTING_STATE","Original"
"28913MAR13","X","52.0","Phantom","27.0","fMRI","ep2d_RESTING_STATE","Original"
"28913NOV13","X","50.0","Phantom","23.0","fMRI","ep2d_RESTING_STATE","Original"
"28915APR14","X","50.0","Phantom","29.0","fMRI","ep2d_bold_rest","Original"
"28916APR14","F","50.0","Phantom","28.0","fMRI","ep2d_RESTING_STATE","Original"
"28919NOV14","X","50.0","Phantom","28.0","fMRI","ep2d_RESTING_STATE","Original"
"28923JAN13","X","51.0","Phantom","27.0","fMRI","ep2d_RESTING_STATE","Original"
"28923JUL14","X","50.0","Phantom","28.0","fMRI","ep2d_RESTING_STATE","Original"
"28926JUN13","X","50.0","Phantom","33.0","fMRI","ep2d_RESTING_STATE","Original"
"28928JAN15","X","50.0","Phantom","29.0","fMRI","ep2d_bold_rest","Original"
"28930JAN13","X","55.0","Phantom","49.0","fMRI","ep2d_RESTING_STATE","Original"
"28930OCT13","X","50.0","Phantom","33.0","fMRI","ep2d_RESTING_STATE","Original"
"28930SEP15","X","80.0","Phantom","29.0","fMRI","ep2d_bold_rest","Original"
"289phant","X","51.0","Phantom","27.0","fMRI","ep2d_RESTING_STATE","Original"
"29001APR14","X","100.0","Phantom","54.0","fMRI","ep2d_RESTING_STATE","Original"
"29001JUL14","X","100.0","Phantom","54.0","fMRI","ep2d_RESTING_STATE","Original"
"29001OCT13","X","100.0","Phantom","53.0","fMRI","ep2d_RESTING_STATE","Original"
"29002JUN15","X","100.0","Phantom","55.0","fMRI","ep2d_RESTING_STATE","Original"
"29003DEC13","X","100.0","Phantom","53.0","fMRI","ep2d_RESTING_STATE","Original"
"29003FEB15","X","100.0","Phantom","54.0","fMRI","ep2d_RESTING_STATE","Original"
"29003SEP13","X","100.0","Phantom","53.0","fMRI","ep2d_RESTING_STATE","Original"
"29004FEB14","X","100.0","Phantom","54.0","fMRI","ep2d_RESTING_STATE","Original"
"29004JUN13","X","100.0","Phantom","53.0","fMRI","ep2d_RESTING_STATE","Original"
"29004MAR14","X","100.0","Phantom","54.0","fMRI","ep2d_RESTING_STATE","Original"
"29005NOV13","X","100.0","Phantom","53.0","fMRI","ep2d_RESTING_STATE","Original"
"29006MAY14","X","100.0","Phantom","54.0","fMRI","ep2d_RESTING_STATE","Original"
"29006OCT15","X","100.0","Phantom","55.0","fMRI","ep2d_RESTING_STATE","Original"
"29007OCT14","X","100.0","Phantom","54.0","fMRI","ep2d_RESTING_STATE","Original"
"29008APR14","X","100.0","Phantom","54.0","fMRI","ep2d_RESTING_STATE","Original"
"29009APR13","X","100.0","Phantom","53.0","fMRI","ep2d_RESTING_STATE","Original"
"29009DEC14","X","100.0","Phantom","54.0","fMRI","ep2d_RESTING_STATE","Original"
"29009SEP14","X","100.0","Phantom","54.0","fMRI","ep2d_RESTING_STATE","Original"
"29010DEC13","X","100.0","Phantom","53.0","fMRI","ep2d_RESTING_STATE","Original"
"29010FEB15","X","100.0","Phantom","55.0","fMRI","ep2d_RESTING_STATE","Original"
"29010JUN14","X","100.0","Phantom","54.0","fMRI","ep2d_RESTING_STATE","Original"
"29011JUN13","X","100.0","Phantom","53.0","fMRI","ep2d_RESTING_STATE","Original"
"29011MAR14","X","100.0","Phantom","54.0","fMRI","ep2d_RESTING_STATE","Original"
"29011NOV14","X","100.0","Phantom","54.0","fMRI","ep2d_RESTING_STATE","Original"
"29012AUG14","X","100.0","Phantom","54.0","fMRI","ep2d_RESTING_STATE","Original"
"29012MAR13","X","100.0","Phantom","53.0","fMRI","ep2d_RESTING_STATE","Original"
"29013JAN15","X","100.0","Phantom","55.0","fMRI","ep2d_RESTING_STATE","Original"
"29013MAY14","X","100.0","Phantom","54.0","fMRI","ep2d_RESTING_STATE","Original"
"29014JAN14","X","100.0","Phantom","54.0","fMRI","ep2d_RESTING_STATE","Original"
"29015OCT13","X","100.0","Phantom","53.0","fMRI","ep2d_RESTING_STATE","Original"
"29015SEP15","X","100.0","Phantom","54.0","fMRI","ep2d_RESTING_STATE","Original"
"29017DEC13","X","100.0","Phantom","53.0","fMRI","ep2d_RESTING_STATE","Original"
"29017JUN14","X","100.0","Phantom","54.0","fMRI","ep2d_RESTING_STATE","Original"
"29017SEP13","X","100.0","Phantom","53.0","fMRI","ep2d_RESTING_STATE","Original"
"29018NOV14","X","100.0","Phantom","54.0","fMRI","ep2d_RESTING_STATE","Original"
"29019MAR13","X","100.0","Phantom","53.0","fMRI","ep2d_RESTING_STATE","Original"
"29019MAY15","X","100.0","Phantom","55.0","fMRI","ep2d_RESTING_STATE","Original"
"29019NOV13","X","100.0","Phantom","53.0","fMRI","ep2d_RESTING_STATE","Original"
"29020AUG13","X","100.0","Phantom","53.0","fMRI","ep2d_RESTING_STATE","Original"
"29020MAY14","X","100.0","Phantom","54.0","fMRI","ep2d_RESTING_STATE","Original"
"29021APR15","X","100.0","Phantom","55.0","fMRI","ep2d_RESTING_STATE","Original"
"29021JAN14","X","100.0","Phantom","54.0","fMRI","ep2d_RESTING_STATE","Original"
"29021MAY13","X","100.0","Phantom","53.0","fMRI","ep2d_RESTING_STATE","Original"
"29022JUL14","X","100.0","Phantom","54.0","fMRI","ep2d_RESTING_STATE","Original"
"29024MAR15","X","100.0","Phantom","55.0","fMRI","ep2d_RESTING_STATE","Original"
"29025AUG15","X","100.0","Phantom","55.0","fMRI","ep2d_RESTING_STATE","Original"
"29025MAR14","X","100.0","Phantom","54.0","fMRI","ep2d_RESTING_STATE","Original"
"29025NOV14","X","100.0","Phantom","54.0","fMRI","ep2d_RESTING_STATE","Original"
"29026AUG14","X","100.0","Phantom","54.0","fMRI","ep2d_RESTING_STATE","Original"
"29026NOV13","X","100.0","Phantom","53.0","fMRI","ep2d_RESTING_STATE","Original"
"29027OCT15","X","100.0","Phantom","55.0","fMRI","ep2d_RESTING_STATE","Original"
"29028JAN14","X","100.0","Phantom","54.0","fMRI","ep2d_RESTING_STATE","Original"
"29028JUL15","X","100.0","Phantom","55.0","fMRI","ep2d_RESTING_STATE","Original"
"29028MAY13","X","100.0","Phantom","53.0","fMRI","ep2d_RESTING_STATE","Original"
"29029APR14","X","100.0","Phantom","54.0","fMRI","ep2d_RESTING_STATE","Original"
"29029OCT13","X","100.0","Phantom","53.0","fMRI","ep2d_RESTING_STATE","Original"
"29030JUL13","X","100.0","Phantom","53.0","fMRI","ep2d_RESTING_STATE","Original"
"29030SEP14","X","100.0","Phantom","54.0","fMRI","ep2d_RESTING_STATE","Original"
"29031JUL14","X","100.0","Phantom","54.0","fMRI","ep2d_RESTING_STATE","Original"
"29031MAR15","X","100.0","Phantom","55.0","fMRI","ep2d_RESTING_STATE","Original"
"290phant","X","100.0","Phantom","52.0","fMRI","ep2d_RESTING_STATE","Original"
"29108APR14","X","0.0","Phantom","0.0","fMRI","ep2d_RESTING_STATE","Original"
"29110FEB14","X","0.0","Phantom","0.0","fMRI","ep2d_RESTING_STATE","Original"
"29115JAN14","X","0.0","Phantom","0.0","fMRI","ep2d_RESTING_STATE","Original"
"29122MAR13","X","0.0","Phantom","101.0","fMRI","ep2d_RESTING_STATE","Original"
"291phant","X","80.0","Phantom","100.0","fMRI","ep2d_RESTING_STATE","Original"
"3101","M","81.2","SWEDD","52.1","fMRI","ep2d_RESTING_STATE","Original"
"3105","M","85.9","PD","70.6","fMRI","ep2d_RESTING_STATE","Original"
"3105","M","88.2","PD","72.6","fMRI","ep2d_RESTING_STATE","Original"
"3106","F","76.7","Control","74.2","fMRI","ep2d_RESTING_STATE","Original"
"3107","M","85.3","PD","71.7","fMRI","ep2d_RESTING_STATE","Original"
"3107","M","88.4","PD","73.7","fMRI","ep2d_RESTING_STATE","Original"
"3108","F","56.2","PD","51.8","fMRI","ep2d_RESTING_STATE","Original"
"3108","F","60.0","PD","53.8","fMRI","ep2d_RESTING_STATE","Original"
"3113","F","47.4","PD","61.3","fMRI","ep2d_RESTING_STATE","Original"
"3116","M","101.6","PD","66.1","fMRI","ep2d_RESTING_STATE","Original"
"3116","M","104.4","PD","67.1","fMRI","ep2d_RESTING_STATE","Original"
"3118","M","77.7","PD","61.3","fMRI","ep2d_RESTING_STATE","Original"
"3118","M","78.6","PD","62.4","fMRI","ep2d_RESTING_STATE","Original"
"3119","M","76.3","PD","65.4","fMRI","ep2d_RESTING_STATE","Original"
"3119","M","74.8","PD","66.4","fMRI","ep2d_RESTING_STATE","Original"
"3120","F","67.4","PD","50.5","fMRI","ep2d_RESTING_STATE","Original"
"3122","M","91.4","PD","63.2","fMRI","ep2d_RESTING_STATE","Original"
"3123","M","78.0","PD","71.3","fMRI","ep2d_RESTING_STATE","Original"
"3123","M","77.6","PD","70.4","fMRI","ep2d_RESTING_STATE","Original"
"3124","M","98.9","PD","58.3","fMRI","ep2d_RESTING_STATE","Original"
"3124","M","95.9","PD","59.2","fMRI","ep2d_RESTING_STATE","Original"
"3125","M","88.9","PD","47.0","fMRI","ep2d_RESTING_STATE","Original"
"3125","M","90.3","PD","48.1","fMRI","ep2d_RESTING_STATE","Original"
"3126","M","142.1","PD","66.3","fMRI","ep2d_RESTING_STATE","Original"
"3126","M","127.9","PD","65.4","fMRI","ep2d_RESTING_STATE","Original"
"3128","F","81.7","PD","62.2","fMRI","ep2d_RESTING_STATE","Original"
"3128","F","81.6","PD","61.1","fMRI","ep2d_RESTING_STATE","Original"
"3130","M","78.2","PD","43.9","fMRI","ep2d_RESTING_STATE","Original"
"3130","M","79.2","PD","44.9","fMRI","ep2d_RESTING_STATE","Original"
"3131","M","73.6","PD","73.2","fMRI","ep2d_RESTING_STATE","Original"
"3132","M","97.6","PD","50.9","fMRI","ep2d_RESTING_STATE","Original"
"3132","M","99.0","PD","52.0","fMRI","ep2d_RESTING_STATE","Original"
"3134","M","88.1","PD","38.6","fMRI","ep2d_RESTING_STATE","Original"
"3134","M","89.0","PD","39.6","fMRI","ep2d_RESTING_STATE","Original"
"3310","M","86.9","Control","66.0","fMRI","ep2d_RESTING_STATE","Original"
"3318","M","72.5","Control","65.7","fMRI","ep2d_RESTING_STATE","Original"
"3326","M","68.9","SWEDD","68.9","fMRI","ep2d_RESTING_STATE","Original"
"3327","F","63.0","PD","54.4","fMRI","ep2d_RESTING_STATE","Original"
"3327","F","63.0","PD","55.4","fMRI","ep2d_RESTING_STATE","Original"
"3332","M","85.7","PD","74.1","fMRI","ep2d_RESTING_STATE","Original"
"3350","M","71.7","Control","83.1","fMRI","ep2d_RESTING_STATE","Original"
"3351","M","72.6","Control","71.8","fMRI","ep2d_RESTING_STATE","Original"
"3352","M","76.4","PD","53.9","fMRI","ep2d_RESTING_STATE","Original"
"3352","M","78.6","PD","56.0","fMRI","ep2d_RESTING_STATE","Original"
"3353","F","72.6","Control","60.2","fMRI","ep2d_RESTING_STATE","Original"
"3354","M","87.3","PD","71.2","fMRI","ep2d_RESTING_STATE","Original"
"3354","M","80.0","PD","73.2","fMRI","ep2d_RESTING_STATE","Original"
"3356","M","80.5","SWEDD","78.0","fMRI","ep2d_RESTING_STATE","Original"
"3357","M","104.5","Control","48.4","fMRI","ep2d_RESTING_STATE","Original"
"3359","M","84.0","PD","74.7","fMRI","ep2d_RESTING_STATE","Original"
"3359","M","86.4","PD","76.6","fMRI","ep2d_RESTING_STATE","Original"
"3360","M","110.0","PD","69.4","fMRI","ep2d_RESTING_STATE","Original"
"3360","M","113.6","PD","71.1","fMRI","ep2d_RESTING_STATE","Original"
"3361","F","54.4","Control","60.8","fMRI","ep2d_RESTING_STATE","Original"
"3364","F","69.1","PD","41.2","fMRI","ep2d_RESTING_STATE","Original"
"3364","F","64.1","PD","43.0","fMRI","ep2d_RESTING_STATE","Original"
"3365","M","92.0","PD","51.1","fMRI","ep2d_RESTING_STATE","Original"
"3366","M","124.1","PD","63.4","fMRI","ep2d_RESTING_STATE","Original"
"3367","M","79.5","PD","47.2","fMRI","ep2d_RESTING_STATE","Original"
"3367","M","79.5","PD","49.2","fMRI","ep2d_RESTING_STATE","Original"
"3369","M","81.6","Control","48.1","fMRI","ep2d_RESTING_STATE","Original"
"3371","M","91.4","PD","69.7","fMRI","ep2d_RESTING_STATE","Original"
"3372","M","65.9","PD","72.4","fMRI","ep2d_RESTING_STATE","Original"
"3372","M","65.9","PD","73.5","fMRI","ep2d_RESTING_STATE","Original"
"3373","M","79.5","PD","62.1","fMRI","ep2d_RESTING_STATE","Original"
"3373","M","81.6","PD","63.1","fMRI","ep2d_RESTING_STATE","Original"
"3374","M","98.6","PD","71.9","fMRI","ep2d_RESTING_STATE","Original"
"3374","M","83.5","PD","72.6","fMRI","ep2d_RESTING_STATE","Original"
"3375","M","102.3","PD","51.2","fMRI","ep2d_RESTING_STATE","Original"
"3377","F","75.9","PD","54.8","fMRI","ep2d_RESTING_STATE","Original"
"3377","F","75.0","PD","55.8","fMRI","ep2d_RESTING_STATE","Original"
"3378","M","91.8","PD","49.0","fMRI","ep2d_RESTING_STATE","Original"
"3380","F","56.8","PD","71.2","fMRI","ep2d_RESTING_STATE","Original"
"3380","F","61.4","PD","72.3","fMRI","ep2d_RESTING_STATE","Original"
"3383","M","86.4","PD","48.5","fMRI","ep2d_RESTING_STATE","Original"
"3383","M","82.3","PD","49.6","fMRI","ep2d_RESTING_STATE","Original"
"3384","M","89.1","SWEDD","66.1","fMRI","ep2d_RESTING_STATE","Original"
"3384","M","88.6","SWEDD","68.3","fMRI","ep2d_RESTING_STATE","Original"
"3385","M","73.6","PD","51.9","fMRI","ep2d_RESTING_STATE","Original"
"3385","M","71.8","PD","53.0","fMRI","ep2d_RESTING_STATE","Original"
"3386","F","104.5","PD","71.6","fMRI","ep2d_RESTING_STATE","Original"
"3387","F","65.9","PD","56.4","fMRI","ep2d_RESTING_STATE","Original"
"3387","F","61.4","PD","57.5","fMRI","ep2d_RESTING_STATE","Original"
"3387","F","68.0","PD","58.7","fMRI","ep2d_RESTING_STATE","Original"
"3389","M","81.8","Control","71.6","fMRI","ep2d_RESTING_STATE","Original"
"3389","M","80.9","Control","72.6","fMRI","ep2d_RESTING_STATE","Original"
"3390","M","93.2","Control","66.1","fMRI","ep2d_RESTING_STATE","Original"
"3392","F","76.4","PD","50.6","fMRI","ep2d_RESTING_STATE","Original"
"3392","F","74.1","PD","51.6","fMRI","ep2d_RESTING_STATE","Original"
"3392","F","73.0","PD","52.6","fMRI","ep2d_RESTING_STATE","Original"
"3550","F","95.7","SWEDD","53.1","fMRI","ep2d_RESTING_STATE","Original"
"3551","M","92.5","Control","69.1","fMRI","ep2d_RESTING_STATE","Original"
"3552","M","124.7","PD","61.6","fMRI","ep2d_RESTING_STATE","Original"
"3552","M","112.5","PD","63.8","fMRI","ep2d_RESTING_STATE","Original"
"3556","M","86.2","PD","67.5","fMRI","ep2d_RESTING_STATE","Original"
"3556","M","83.9","PD","69.5","fMRI","ep2d_RESTING_STATE","Original"
"3557","M","103.0","PD","63.2","fMRI","ep2d_RESTING_STATE","Original"
"3559","M","72.5","PD","40.0","fMRI","ep2d_RESTING_STATE","Original"
"3559","M","74.8","PD","42.0","fMRI","ep2d_RESTING_STATE","Original"
"3563","M","62.6","Control","64.3","fMRI","ep2d_RESTING_STATE","Original"
"3565","M","94.3","Control","58.1","fMRI","ep2d_RESTING_STATE","Original"
"3566","F","74.8","SWEDD","51.6","fMRI","ep2d_RESTING_STATE","Original"
"3567","F","61.2","PD","69.9","fMRI","ep2d_RESTING_STATE","Original"
"3569","F","85.3","Control","44.6","fMRI","ep2d_RESTING_STATE","Original"
"3573","M","88.5","SWEDD","54.4","fMRI","ep2d_RESTING_STATE","Original"
"3574","F","77.1","PD","67.2","fMRI","ep2d_RESTING_STATE","Original"
"3574","F","73.9","PD","69.1","fMRI","ep2d_RESTING_STATE","Original"
"3575","M","95.2","PD","62.1","fMRI","ep2d_RESTING_STATE","Original"
"3575","M","104.3","PD","65.0","fMRI","ep2d_RESTING_STATE","Original"
"3581","M","83.5","SWEDD","54.8","fMRI","ep2d_RESTING_STATE","Original"
"3582","F","82.0","SWEDD","65.4","fMRI","ep2d_RESTING_STATE","Original"
"3585","M","77.1","PD","51.3","fMRI","ep2d_RESTING_STATE","Original"
"3586","M","113.0","PD","65.0","fMRI","ep2d_RESTING_STATE","Original"
"3587","M","81.6","PD","54.7","fMRI","ep2d_RESTING_STATE","Original"
"3589","F","70.3","PD","75.0","fMRI","ep2d_RESTING_STATE","Original"
"3591","M","111.1","PD","62.8","fMRI","ep2d_RESTING_STATE","Original"
"3591","M","105.7","PD","64.8","fMRI","ep2d_RESTING_STATE","Original"
"3592","M","81.6","PD","62.4","fMRI","ep2d_RESTING_STATE","Original"
"3592","M","81.6","PD","63.5","fMRI","ep2d_RESTING_STATE","Original"
"3592","M","82.1","PD","64.5","fMRI","ep2d_RESTING_STATE","Original"
"3593","F","106.5","PD","55.4","fMRI","ep2d_RESTING_STATE","Original"
"3593","F","106.6","PD","56.5","fMRI","ep2d_RESTING_STATE","Original"
"3593","F","108.9","PD","57.5","fMRI","ep2d_RESTING_STATE","Original"
"3758","M","75.0","PD","71.0","fMRI","ep2d_RESTING_STATE","Original"
"3758","M","74.0","PD","71.5","fMRI","ep2d_RESTING_STATE","Original"
"3760","M","63.0","PD","70.0","fMRI","ep2d_RESTING_STATE","Original"
"3760","M","66.0","PD","72.8","fMRI","ep2d_bold_rest","Original"
"3769","M","67.0","Control","71.2","fMRI","ep2d_RESTING_STATE","Original"
"3771","F","50.0","PD","75.3","fMRI","ep2d_RESTING_STATE","Original"
"3771","F","60.0","PD","76.4","fMRI","ep2d_RESTING_STATE","Original"
"3787","M","82.0","PD","49.9","fMRI","ep2d_RESTING_STATE","Original"
"3800","M","89.0","PD","42.8","fMRI","ep2d_RESTING_STATE","Original"
"3800","M","88.0","PD","44.9","fMRI","ep2d_RESTING_STATE","Original"
"3802","M","94.0","PD","72.1","fMRI","ep2d_RESTING_STATE","Original"
"3802","M","91.0","PD","74.1","fMRI","ep2d_RESTING_STATE","Original"
"3808","M","81.0","PD","59.5","fMRI","ep2d_RESTING_STATE","Original"
"3808","M","80.0","PD","61.3","fMRI","ep2d_RESTING_STATE","Original"
"3814","M","90.0","PD","69.6","fMRI","ep2d_RESTING_STATE","Original"
"3815","M","76.0","PD","66.5","fMRI","ep2d_RESTING_STATE","Original"
"3818","F","53.5","PD","74.9","fMRI","ep2d_RESTING_STATE","Original"
"3819","F","67.0","PD","53.9","fMRI","ep2d_RESTING_STATE","Original"
"3819","F","70.0","PD","54.9","fMRI","ep2d_RESTING_STATE","Original"
"3820","M","73.0","SWEDD","79.0","fMRI","ep2d_RESTING_STATE","Original"
"3822","M","85.0","PD","57.0","fMRI","ep2d_RESTING_STATE","Original"
"3822","M","86.0","PD","58.0","fMRI","ep2d_RESTING_STATE","Original"
"3823","M","84.0","PD","58.0","fMRI","ep2d_RESTING_STATE","Original"
"3823","M","85.0","PD","59.1","fMRI","ep2d_RESTING_STATE","Original"
"3824","F","84.5","PD","56.3","fMRI","ep2d_RESTING_STATE","Original"
"3824","F","65.0","PD","57.3","fMRI","ep2d_RESTING_STATE","Original"
"3825","M","82.0","PD","59.2","fMRI","ep2d_RESTING_STATE","Original"
"3825","M","82.0","PD","60.2","fMRI","ep2d_RESTING_STATE","Original"
"3826","M","72.0","PD","78.3","fMRI","ep2d_RESTING_STATE","Original"
"3826","M","69.8","PD","79.3","fMRI","ep2d_RESTING_STATE","Original"
"3828","M","84.0","PD","78.4","fMRI","ep2d_RESTING_STATE","Original"
"3828","M","83.0","PD","79.3","fMRI","ep2d_RESTING_STATE","Original"
"3829","F","75.0","PD","68.4","fMRI","ep2d_RESTING_STATE","Original"
"3830","F","50.0","PD","52.5","fMRI","ep2d_RESTING_STATE","Original"
"3830","F","52.0","PD","53.5","fMRI","ep2d_RESTING_STATE","Original"
"3831","M","88.0","PD","76.5","fMRI","ep2d_RESTING_STATE","Original"
"3832","M","95.0","PD","65.6","fMRI","ep2d_RESTING_STATE","Original"
"3832","M","96.0","PD","66.5","fMRI","ep2d_RESTING_STATE","Original"
"3834","M","76.0","PD","69.7","fMRI","ep2d_RESTING_STATE","Original"
"3834","M","76.0","PD","70.7","fMRI","ep2d_RESTING_STATE","Original"
"3835","M","77.0","PD","72.7","fMRI","ep2d_RESTING_STATE","Original"
"3836","F","75.0","SWEDD","60.7","fMRI","ep2d_RESTING_STATE","Original"
"3838","F","69.0","PD","61.9","fMRI","ep2d_RESTING_STATE","Original"
"3838","F","69.0","PD","62.9","fMRI","ep2d_RESTING_STATE","Original"
"3863","F","105.0","PD","65.6","fMRI","ep2d_RESTING_STATE","Original"
"3869","M","95.0","PD","39.6","fMRI","ep2d_RESTING_STATE","Original"
"3870","F","95.0","PD","41.5","fMRI","ep2d_RESTING_STATE","Original"
"3870","F","92.0","PD","42.6","fMRI","ep2d_RESTING_STATE","Original"
"3871","M","84.0","SWEDD","57.4","fMRI","ep2d_RESTING_STATE","Original"
"4005","M","96.2","PD","74.6","fMRI","ep2d_RESTING_STATE","Original"
"4005","M","97.0","PD","76.7","fMRI","ep2d_bold_rest","Original"
"4011","F","87.0","PD","52.5","fMRI","ep2d_RESTING_STATE","Original"
"4013","M","84.3","PD","66.3","fMRI","ep2d_RESTING_STATE","Original"
"4018","M","81.4","Control","65.0","fMRI","ep2d_RESTING_STATE","Original"
"4019","F","68.0","PD","56.0","fMRI","ep2d_RESTING_STATE","Original"
"4019","F","66.6","PD","56.9","fMRI","ep2d_RESTING_STATE","Original"
"4021","F","72.6","PD","74.9","fMRI","ep2d_RESTING_STATE","Original"
"4022","M","100.0","PD","48.5","fMRI","ep2d_RESTING_STATE","Original"
"4022","M","84.4","PD","49.4","fMRI","ep2d_RESTING_STATE","Original"
"4029","M","78.9","PD","50.8","fMRI","ep2d_RESTING_STATE","Original"
"4030","M","92.9","PD","74.7","fMRI","ep2d_RESTING_STATE","Original"
"4030","M","90.7","PD","75.8","fMRI","ep2d_RESTING_STATE","Original"
"4030","M","83.5","PD","76.7","fMRI","ep2d_RESTING_STATE","Original"
"4032","M","85.0","Control","68.1","fMRI","ep2d_RESTING_STATE","Original"
"40338","M","86.4","GenCohort PD","68.9","fMRI","ep2d_RESTING_STATE","Original"
"4034","F","86.6","PD","55.0","fMRI","ep2d_RESTING_STATE","Original"
"4034","F","82.1","PD","56.0","fMRI","ep2d_RESTING_STATE","Original"
"4034","F","82.5","PD","57.0","fMRI","ep2d_bold_rest","Original"
"4035","M","90.0","PD","60.5","fMRI","ep2d_RESTING_STATE","Original"
"4035","M","88.9","PD","61.5","fMRI","ep2d_RESTING_STATE","Original"
"4035","M","86.1","PD","62.4","fMRI","ep2d_RESTING_STATE","Original"
"40360","F","82.5","GenCohort Unaff","70.0","fMRI","ep2d_RESTING_STATE","Original"
"40366","M","81.2","GenCohort PD","63.0","fMRI","ep2d_RESTING_STATE","Original"
"4038","F","72.5","PD","70.8","fMRI","ep2d_RESTING_STATE","Original"
"4038","F","73.9","PD","71.9","fMRI","ep2d_RESTING_STATE","Original"
"4038","F","74.5","PD","72.9","fMRI","ep2d_bold_rest","Original"
"40451","M","65.8","GenCohort Unaff","54.5","fMRI","ep2d_RESTING_STATE","Original"
"50110","M","128.8","GenCohort Unaff","56.1","fMRI","ep2d_RESTING_STATE","Original"
"50143","F","90.7","GenCohort Unaff","64.4","fMRI","ep2d_RESTING_STATE","Original"
"50172","F","61.7","GenCohort Unaff","65.1","fMRI","ep2d_RESTING_STATE","Original"
"50222","F","80.3","GenCohort Unaff","51.3","fMRI","ep2d_RESTING_STATE","Original"
"50225","M","77.1","GenCohort Unaff","53.0","fMRI","ep2d_RESTING_STATE","Original"
"50901","M","91.6","GenCohort PD","52.3","fMRI","ep2d_bold_rest","Original"
"51302","F","99.8","GenCohort Unaff","54.9","fMRI","ep2d_RESTING_STATE","Original"
"51392","F","52.1","GenCohort Unaff","60.6","fMRI","ep2d_bold_rest","Original"
"60023","M","137.4","Prodromal","64.6","fMRI","ep2d_RESTING_STATE","Original"
"60024","M","86.2","Prodromal","66.1","fMRI","ep2d_RESTING_STATE","Original"
"60024","M","89.4","Prodromal","67.2","fMRI","ep2d_RESTING_STATE","Original"
"60033","F","61.7","Prodromal","67.8","fMRI","ep2d_RESTING_STATE","Original"
"60035","M","84.0","Prodromal","66.6","fMRI","ep2d_RESTING_STATE","Original"
"60035","M","80.0","Prodromal","67.6","fMRI","ep2d_RESTING_STATE","Original"
"60036","F","62.0","Prodromal","70.8","fMRI","ep2d_RESTING_STATE","Original"
"60036","F","62.0","Prodromal","71.9","fMRI","ep2d_RESTING_STATE","Original"
"60040","F","63.0","Prodromal","78.8","fMRI","ep2d_RESTING_STATE","Original"
"60041","F","66.0","Prodromal","73.7","fMRI","ep2d_RESTING_STATE","Original"
"60043","M","80.0","Prodromal","68.1","fMRI","ep2d_RESTING_STATE","Original"
"60044","M","74.7","Prodromal","73.0","fMRI","ep2d_RESTING_STATE","Original"
"60044","M","76.0","Prodromal","74.0","fMRI","ep2d_RESTING_STATE","Original"
"60070","F","84.0","Prodromal","63.1","fMRI","ep2d_RESTING_STATE","Original"
"60073","M","95.0","Prodromal","65.2","fMRI","ep2d_RESTING_STATE","Original"
"60074","M","80.0","Prodromal","74.4","fMRI","ep2d_RESTING_STATE","Original"
"60075","M","91.0","Prodromal","66.5","fMRI","ep2d_RESTING_STATE","Original"
"85236","M","90.0","Prodromal","67.1","fMRI","ep2d_bold_rest","Original"
"85242","M","90.0","Prodromal","63.4","fMRI","ep2d_bold_rest","Original"
