"Subject ID","Sex","Weight","Research Group","Age","Modality","Description","Type"
"3101","M","81.2","SWEDD","52.1","CT","Recon 2: CTAC 3D BRAIN","Original"
"3101","M","81.2","SWEDD","52.1","CT","Recon 2: CTAC 3D BRAIN","Original"
"3123","M","77.0","PD","71.4","CT","CTAC 3D BRAIN","Original"
"3123","M","77.0","PD","71.4","CT","CTAC 3D BRAIN","Original"
"3228","M","72.6","PD","68.3","CT","AC CT Brain 50","Original"
"3228","M","72.6","PD","68.3","CT","AC CT Brain 80","Original"
"3228","M","72.6","PD","68.3","CT","Topogram  0.6  T20s","Original"
"3228","M","72.6","PD","68.3","CT","Topogram  0.6  T20s","Original"
"3230","M","92.3","PD","71.9","CT","AC CT Brain 50","Original"
"3230","M","92.3","PD","71.9","CT","Topogram  0.6  T20s","Original"
"3230","M","92.3","PD","71.9","CT","AC CT Brain 80","Original"
"3230","M","92.3","PD","71.9","CT","Topogram  0.6  T20s","Original"
"3234","M","79.6","PD","71.0","CT","AC CT Brain 50","Original"
"3234","M","79.6","PD","71.0","CT","Topogram  0.6  T20s","Original"
"3234","M","79.6","PD","71.0","CT","AC CT Brain 80","Original"
"3234","M","79.6","PD","71.0","CT","Topogram  0.6  T20s","Original"
"3665","M","83.0","PD","78.6","CT","154-3665-1-01","Original"
"3665","M","83.0","PD","78.6","CT","154-3665-1-01","Original"
"3666","M","102.1","PD","53.7","CT","154-3666-1-01","Original"
"3666","M","102.1","PD","53.7","CT","154-3666-1-01","Original"
"4081","M","78.6","PD","72.6","CT","CT 3.75 Thick","Original"
"4081","M","78.6","PD","72.6","CT","CT 3.75 Thick","Original"
"4082","M","81.0","PD","67.2","CT","CT 3.75 Thick","Original"
"4082","M","81.0","PD","67.2","CT","CT 3.75 Thick","Original"
"4082","M","81.0","PD","67.2","CT","CT SCOUT BRAIN","Original"
"4083","M","74.7","PD","47.0","CT","CT 3.75 Thick","Original"
"4083","M","74.7","PD","47.0","CT","CT 3.75 Thick","Original"
